"regName","shortString","cycleLength","count","avg_days"
"Emp_1","0.bortezomib;",46,57,46
"Emp_10","0.cyclophosphamide;56.bortezomib;",27,34,27
"Emp_10","0.bortezomib;56.cyclophosphamide;",27,34,27
"Emp_100","0.cyclophosphamide;56.lenalidomide;",34,8,34
"Emp_100","0.lenalidomide;56.cyclophosphamide;",34,8,34
"Emp_101","0.melphalan;28.cyclophosphamide;56.lenalidomide;",17,3,17
"Emp_101","0.melphalan;28.lenalidomide;56.cyclophosphamide;",17,3,17
"Emp_102","0.lenalidomide;28.cyclophosphamide;56.thalidomide;",16,1,16
"Emp_103","0.melphalan;56.cyclophosphamide;",25,18,25
"Emp_103","0.cyclophosphamide;56.melphalan;",25,18,25
"Emp_104","0.thalidomide;28.cyclophosphamide;56.melphalan;",14,3,14
"Emp_104","0.melphalan;28.thalidomide;56.cyclophosphamide;",14,3,14
"Emp_104","0.cyclophosphamide;28.thalidomide;56.melphalan;",14,3,14
"Emp_105","0.pomalidomide;56.cyclophosphamide;",6,2,6
"Emp_105","0.cyclophosphamide;56.pomalidomide;",6,2,6
"Emp_106","0.cyclophosphamide;56.thalidomide;",20,9,20
"Emp_106","0.thalidomide;56.cyclophosphamide;",20,9,20
"Emp_107","0.daratumumab;",26,41,26
"Emp_108","0.dexamethasone;56.daratumumab;",19,24,19
"Emp_108","0.daratumumab;56.dexamethasone;",19,24,19
"Emp_109","0.daratumumab;28.dexamethasone;56.ixazomib;",27,2,27
"Emp_109","0.dexamethasone;28.ixazomib;56.daratumumab;",27,2,27
"Emp_11","0.cyclophosphamide;28.bortezomib;56.daratumumab;",12,3,12
"Emp_110","0.lenalidomide;28.dexamethasone;56.daratumumab;",19,7,19
"Emp_110","0.dexamethasone;28.lenalidomide;56.daratumumab;",19,7,19
"Emp_110","0.dexamethasone;28.daratumumab;56.lenalidomide;",19,7,19
"Emp_111","0.dexamethasone;19.daratumumab;37.melphalan;56.lenalidomide;",5,2,5
"Emp_111","0.melphalan;19.lenalidomide;37.dexamethasone;56.daratumumab;",5,2,5
"Emp_112","0.dexamethasone;28.daratumumab;56.melphalan;",2,1,2
"Emp_113","0.pomalidomide;28.daratumumab;56.dexamethasone;",15,4,15
"Emp_113","0.daratumumab;28.dexamethasone;56.pomalidomide;",15,4,15
"Emp_113","0.pomalidomide;28.dexamethasone;56.daratumumab;",15,4,15
"Emp_113","0.dexamethasone;28.daratumumab;56.pomalidomide;",15,4,15
"Emp_114","0.lenalidomide;56.daratumumab;",56,6,56
"Emp_114","0.daratumumab;56.lenalidomide;",56,6,56
"Emp_115","0.lenalidomide;28.daratumumab;56.selinexor;",30,1,30
"Emp_116","0.pomalidomide;56.daratumumab;",19,8,19
"Emp_116","0.daratumumab;56.pomalidomide;",19,8,19
"Emp_117","0.daratumumab;56.selinexor;",51,1,51
"Emp_118","0.thalidomide;56.daratumumab;",6,1,6
"Emp_119","0.dexamethasone;",34,449,34
"Emp_12","0.cyclophosphamide;19.bortezomib;37.daratumumab;56.dexamethasone;",6,4,6
"Emp_12","0.dexamethasone;19.cyclophosphamide;37.bortezomib;56.daratumumab;",6,4,6
"Emp_12","0.cyclophosphamide;19.bortezomib;37.dexamethasone;56.daratumumab;",6,4,6
"Emp_12","0.bortezomib;19.dexamethasone;37.daratumumab;56.cyclophosphamide;",6,4,6
"Emp_120","0.dexamethasone;56.ixazomib;",37,15,37
"Emp_120","0.ixazomib;56.dexamethasone;",37,15,37
"Emp_121","0.dexamethasone;28.lenalidomide;56.ixazomib;",21,5,21
"Emp_121","0.lenalidomide;28.dexamethasone;56.ixazomib;",21,5,21
"Emp_121","0.ixazomib;28.dexamethasone;56.lenalidomide;",21,5,21
"Emp_122","0.pomalidomide;28.dexamethasone;56.ixazomib;",8,2,8
"Emp_122","0.dexamethasone;28.pomalidomide;56.ixazomib;",8,2,8
"Emp_123","0.thalidomide;28.dexamethasone;56.ixazomib;",16,2,16
"Emp_123","0.ixazomib;28.dexamethasone;56.thalidomide;",16,2,16
"Emp_124","0.dexamethasone;56.lenalidomide;",23,146,23
"Emp_124","0.lenalidomide;56.dexamethasone;",23,146,23
"Emp_125","0.melphalan;28.lenalidomide;56.dexamethasone;",27,7,27
"Emp_125","0.melphalan;28.dexamethasone;56.lenalidomide;",27,7,27
"Emp_126","0.lenalidomide;28.dexamethasone;56.pomalidomide;",33,1,33
"Emp_127","0.dexamethasone;28.lenalidomide;56.thalidomide;",28,2,28
"Emp_127","0.lenalidomide;28.dexamethasone;56.thalidomide;",28,2,28
"Emp_128","0.melphalan;56.dexamethasone;",22,58,22
"Emp_128","0.dexamethasone;56.melphalan;",22,58,22
"Emp_129","0.thalidomide;28.melphalan;56.dexamethasone;",18,1,18
"Emp_13","0.cyclophosphamide;19.lenalidomide;37.bortezomib;56.daratumumab;",16,1,16
"Emp_130","0.dexamethasone;56.pomalidomide;",26,16,26
"Emp_130","0.pomalidomide;56.dexamethasone;",26,16,26
"Emp_131","0.thalidomide;28.dexamethasone;56.pomalidomide;",29,1,29
"Emp_132","0.selinexor;56.dexamethasone;",20,2,20
"Emp_132","0.dexamethasone;56.selinexor;",20,2,20
"Emp_133","0.dexamethasone;56.thalidomide;",25,7,25
"Emp_133","0.thalidomide;56.dexamethasone;",25,7,25
"Emp_134","0.dexamethasone;56.venetoclax;",21,5,21
"Emp_134","0.venetoclax;56.dexamethasone;",21,5,21
"Emp_135","0.ixazomib;",NA,39,NA
"Emp_136","0.ixazomib;56.lenalidomide;",55,5,55
"Emp_136","0.lenalidomide;56.ixazomib;",55,5,55
"Emp_137","0.lenalidomide;28.melphalan;56.ixazomib;",30,1,30
"Emp_138","0.thalidomide;28.lenalidomide;56.ixazomib;",12,1,12
"Emp_139","0.lenalidomide;",16,237,16
"Emp_14","0.cyclophosphamide;28.bortezomib;56.dexamethasone;",15,90,15
"Emp_14","0.dexamethasone;28.cyclophosphamide;56.bortezomib;",15,90,15
"Emp_14","0.bortezomib;28.dexamethasone;56.cyclophosphamide;",15,90,15
"Emp_14","0.dexamethasone;28.bortezomib;56.cyclophosphamide;",15,90,15
"Emp_14","0.cyclophosphamide;28.dexamethasone;56.bortezomib;",15,90,15
"Emp_14","0.bortezomib;28.cyclophosphamide;56.dexamethasone;",15,90,15
"Emp_140","0.lenalidomide;56.melphalan;",36,5,36
"Emp_140","0.melphalan;56.lenalidomide;",36,5,36
"Emp_141","0.pomalidomide;56.lenalidomide;",44,3,44
"Emp_141","0.lenalidomide;56.pomalidomide;",44,3,44
"Emp_142","0.lenalidomide;28.thalidomide;56.pomalidomide;",30,1,30
"Emp_143","0.lenalidomide;56.thalidomide;",39,6,39
"Emp_144","0.melphalan;",27,67,27
"Emp_145","0.pomalidomide;56.melphalan;",13,1,13
"Emp_146","0.thalidomide;56.melphalan;",11,2,11
"Emp_147","0.pomalidomide;",NA,36,NA
"Emp_148","0.selinexor;",NA,4,NA
"Emp_149","0.thalidomide;",46,45,46
"Emp_15","0.bortezomib;14.cyclophosphamide;28.dexamethasone;42.lenalidomide;56.ixazomib;",10,1,10
"Emp_150","0.venetoclax;",15,22,15
"Emp_16","0.bortezomib;19.cyclophosphamide;37.dexamethasone;56.lenalidomide;",12,12,12
"Emp_16","0.cyclophosphamide;19.bortezomib;37.dexamethasone;56.lenalidomide;",12,12,12
"Emp_16","0.cyclophosphamide;19.lenalidomide;37.dexamethasone;56.bortezomib;",12,12,12
"Emp_16","0.dexamethasone;19.cyclophosphamide;37.bortezomib;56.lenalidomide;",12,12,12
"Emp_16","0.cyclophosphamide;19.dexamethasone;37.bortezomib;56.lenalidomide;",12,12,12
"Emp_16","0.lenalidomide;19.dexamethasone;37.bortezomib;56.cyclophosphamide;",12,12,12
"Emp_16","0.cyclophosphamide;19.lenalidomide;37.bortezomib;56.dexamethasone;",12,12,12
"Emp_17","0.melphalan;14.lenalidomide;28.cyclophosphamide;42.bortezomib;56.dexamethasone;",12,9,12
"Emp_17","0.cyclophosphamide;14.dexamethasone;28.bortezomib;42.melphalan;56.lenalidomide;",12,9,12
"Emp_17","0.cyclophosphamide;14.bortezomib;28.melphalan;42.dexamethasone;56.lenalidomide;",12,9,12
"Emp_17","0.cyclophosphamide;14.lenalidomide;28.bortezomib;42.dexamethasone;56.melphalan;",12,9,12
"Emp_17","0.bortezomib;14.lenalidomide;28.cyclophosphamide;42.dexamethasone;56.melphalan;",12,9,12
"Emp_17","0.melphalan;14.cyclophosphamide;28.bortezomib;42.dexamethasone;56.lenalidomide;",12,9,12
"Emp_17","0.lenalidomide;14.cyclophosphamide;28.bortezomib;42.melphalan;56.dexamethasone;",12,9,12
"Emp_17","0.cyclophosphamide;14.melphalan;28.bortezomib;42.dexamethasone;56.lenalidomide;",12,9,12
"Emp_17","0.cyclophosphamide;14.bortezomib;28.dexamethasone;42.lenalidomide;56.melphalan;",12,9,12
"Emp_18","0.melphalan;11.cyclophosphamide;22.bortezomib;34.dexamethasone;45.lenalidomide;56.thalidomide;",11,2,11
"Emp_18","0.bortezomib;11.dexamethasone;22.melphalan;34.cyclophosphamide;45.lenalidomide;56.thalidomide;",11,2,11
"Emp_19","0.thalidomide;14.cyclophosphamide;28.bortezomib;42.dexamethasone;56.lenalidomide;",14,1,14
"Emp_2","0.bortezomib;56.carfilzomib;",32,1,32
"Emp_20","0.bortezomib;19.melphalan;37.dexamethasone;56.cyclophosphamide;",15,42,15
"Emp_20","0.cyclophosphamide;19.bortezomib;37.melphalan;56.dexamethasone;",15,42,15
"Emp_20","0.cyclophosphamide;19.bortezomib;37.dexamethasone;56.melphalan;",15,42,15
"Emp_20","0.bortezomib;19.dexamethasone;37.melphalan;56.cyclophosphamide;",15,42,15
"Emp_20","0.cyclophosphamide;19.dexamethasone;37.bortezomib;56.melphalan;",15,42,15
"Emp_20","0.cyclophosphamide;19.dexamethasone;37.melphalan;56.bortezomib;",15,42,15
"Emp_20","0.melphalan;19.cyclophosphamide;37.dexamethasone;56.bortezomib;",15,42,15
"Emp_20","0.dexamethasone;19.melphalan;37.bortezomib;56.cyclophosphamide;",15,42,15
"Emp_20","0.bortezomib;19.dexamethasone;37.cyclophosphamide;56.melphalan;",15,42,15
"Emp_20","0.bortezomib;19.melphalan;37.cyclophosphamide;56.dexamethasone;",15,42,15
"Emp_20","0.melphalan;19.cyclophosphamide;37.bortezomib;56.dexamethasone;",15,42,15
"Emp_20","0.melphalan;19.bortezomib;37.cyclophosphamide;56.dexamethasone;",15,42,15
"Emp_20","0.dexamethasone;19.bortezomib;37.melphalan;56.cyclophosphamide;",15,42,15
"Emp_20","0.dexamethasone;19.melphalan;37.cyclophosphamide;56.bortezomib;",15,42,15
"Emp_20","0.bortezomib;19.cyclophosphamide;37.dexamethasone;56.melphalan;",15,42,15
"Emp_20","0.melphalan;19.dexamethasone;37.cyclophosphamide;56.bortezomib;",15,42,15
"Emp_20","0.dexamethasone;19.cyclophosphamide;37.bortezomib;56.melphalan;",15,42,15
"Emp_20","0.cyclophosphamide;19.melphalan;37.bortezomib;56.dexamethasone;",15,42,15
"Emp_20","0.bortezomib;19.cyclophosphamide;37.melphalan;56.dexamethasone;",15,42,15
"Emp_20","0.cyclophosphamide;19.melphalan;37.dexamethasone;56.bortezomib;",15,42,15
"Emp_21","0.melphalan;14.bortezomib;28.dexamethasone;42.thalidomide;56.cyclophosphamide;",11,25,11
"Emp_21","0.cyclophosphamide;14.dexamethasone;28.bortezomib;42.thalidomide;56.melphalan;",11,25,11
"Emp_21","0.bortezomib;14.melphalan;28.cyclophosphamide;42.dexamethasone;56.thalidomide;",11,25,11
"Emp_21","0.melphalan;14.bortezomib;28.cyclophosphamide;42.dexamethasone;56.thalidomide;",11,25,11
"Emp_21","0.melphalan;14.cyclophosphamide;28.thalidomide;42.bortezomib;56.dexamethasone;",11,25,11
"Emp_21","0.dexamethasone;14.thalidomide;28.cyclophosphamide;42.bortezomib;56.melphalan;",11,25,11
"Emp_21","0.dexamethasone;14.bortezomib;28.melphalan;42.cyclophosphamide;56.thalidomide;",11,25,11
"Emp_21","0.cyclophosphamide;14.melphalan;28.dexamethasone;42.bortezomib;56.thalidomide;",11,25,11
"Emp_21","0.melphalan;14.cyclophosphamide;28.dexamethasone;42.bortezomib;56.thalidomide;",11,25,11
"Emp_21","0.melphalan;14.dexamethasone;28.cyclophosphamide;42.thalidomide;56.bortezomib;",11,25,11
"Emp_21","0.melphalan;14.bortezomib;28.thalidomide;42.cyclophosphamide;56.dexamethasone;",11,25,11
"Emp_21","0.melphalan;14.dexamethasone;28.thalidomide;42.cyclophosphamide;56.bortezomib;",11,25,11
"Emp_21","0.melphalan;14.cyclophosphamide;28.bortezomib;42.dexamethasone;56.thalidomide;",11,25,11
"Emp_21","0.melphalan;14.bortezomib;28.cyclophosphamide;42.thalidomide;56.dexamethasone;",11,25,11
"Emp_21","0.melphalan;14.dexamethasone;28.cyclophosphamide;42.bortezomib;56.thalidomide;",11,25,11
"Emp_21","0.melphalan;14.thalidomide;28.cyclophosphamide;42.bortezomib;56.dexamethasone;",11,25,11
"Emp_21","0.melphalan;14.dexamethasone;28.bortezomib;42.thalidomide;56.cyclophosphamide;",11,25,11
"Emp_21","0.dexamethasone;14.bortezomib;28.thalidomide;42.cyclophosphamide;56.melphalan;",11,25,11
"Emp_21","0.cyclophosphamide;14.thalidomide;28.bortezomib;42.melphalan;56.dexamethasone;",11,25,11
"Emp_22","0.bortezomib;19.cyclophosphamide;37.dexamethasone;56.thalidomide;",10,24,10
"Emp_22","0.cyclophosphamide;19.bortezomib;37.thalidomide;56.dexamethasone;",10,24,10
"Emp_22","0.dexamethasone;19.cyclophosphamide;37.thalidomide;56.bortezomib;",10,24,10
"Emp_22","0.thalidomide;19.bortezomib;37.dexamethasone;56.cyclophosphamide;",10,24,10
"Emp_22","0.thalidomide;19.cyclophosphamide;37.bortezomib;56.dexamethasone;",10,24,10
"Emp_22","0.cyclophosphamide;19.thalidomide;37.bortezomib;56.dexamethasone;",10,24,10
"Emp_22","0.cyclophosphamide;19.dexamethasone;37.thalidomide;56.bortezomib;",10,24,10
"Emp_22","0.dexamethasone;19.thalidomide;37.cyclophosphamide;56.bortezomib;",10,24,10
"Emp_22","0.cyclophosphamide;19.bortezomib;37.dexamethasone;56.thalidomide;",10,24,10
"Emp_22","0.thalidomide;19.cyclophosphamide;37.dexamethasone;56.bortezomib;",10,24,10
"Emp_22","0.thalidomide;19.dexamethasone;37.cyclophosphamide;56.bortezomib;",10,24,10
"Emp_22","0.bortezomib;19.cyclophosphamide;37.thalidomide;56.dexamethasone;",10,24,10
"Emp_23","0.cyclophosphamide;19.bortezomib;37.dexamethasone;56.venetoclax;",12,1,12
"Emp_24","0.bortezomib;28.cyclophosphamide;56.lenalidomide;",14,3,14
"Emp_24","0.lenalidomide;28.cyclophosphamide;56.bortezomib;",14,3,14
"Emp_24","0.cyclophosphamide;28.bortezomib;56.lenalidomide;",14,3,14
"Emp_25","0.cyclophosphamide;19.bortezomib;37.melphalan;56.lenalidomide;",17,4,17
"Emp_25","0.melphalan;19.cyclophosphamide;37.lenalidomide;56.bortezomib;",17,4,17
"Emp_25","0.lenalidomide;19.cyclophosphamide;37.bortezomib;56.melphalan;",17,4,17
"Emp_26","0.melphalan;14.thalidomide;28.cyclophosphamide;42.lenalidomide;56.bortezomib;",1,1,1
"Emp_27","0.lenalidomide;19.cyclophosphamide;37.bortezomib;56.thalidomide;",22,1,22
"Emp_28","0.melphalan;28.cyclophosphamide;56.bortezomib;",16,16,16
"Emp_28","0.bortezomib;28.melphalan;56.cyclophosphamide;",16,16,16
"Emp_28","0.bortezomib;28.cyclophosphamide;56.melphalan;",16,16,16
"Emp_28","0.cyclophosphamide;28.melphalan;56.bortezomib;",16,16,16
"Emp_28","0.cyclophosphamide;28.bortezomib;56.melphalan;",16,16,16
"Emp_28","0.melphalan;28.bortezomib;56.cyclophosphamide;",16,16,16
"Emp_29","0.melphalan;19.cyclophosphamide;37.bortezomib;56.pomalidomide;",14,1,14
"Emp_3","0.bortezomib;9.dexamethasone;19.melphalan;28.cyclophosphamide;37.lenalidomide;47.daratumumab;56.carfilzomib;",14,1,14
"Emp_30","0.melphalan;19.cyclophosphamide;37.bortezomib;56.thalidomide;",15,7,15
"Emp_30","0.thalidomide;19.cyclophosphamide;37.bortezomib;56.melphalan;",15,7,15
"Emp_30","0.cyclophosphamide;19.thalidomide;37.bortezomib;56.melphalan;",15,7,15
"Emp_30","0.melphalan;19.bortezomib;37.cyclophosphamide;56.thalidomide;",15,7,15
"Emp_30","0.bortezomib;19.melphalan;37.cyclophosphamide;56.thalidomide;",15,7,15
"Emp_30","0.melphalan;19.cyclophosphamide;37.thalidomide;56.bortezomib;",15,7,15
"Emp_31","0.pomalidomide;19.bortezomib;37.thalidomide;56.cyclophosphamide;",23,1,23
"Emp_32","0.cyclophosphamide;28.thalidomide;56.bortezomib;",16,9,16
"Emp_32","0.thalidomide;28.bortezomib;56.cyclophosphamide;",16,9,16
"Emp_32","0.cyclophosphamide;28.bortezomib;56.thalidomide;",16,9,16
"Emp_32","0.bortezomib;28.cyclophosphamide;56.thalidomide;",16,9,16
"Emp_32","0.bortezomib;28.thalidomide;56.cyclophosphamide;",16,9,16
"Emp_32","0.thalidomide;28.cyclophosphamide;56.bortezomib;",16,9,16
"Emp_33","0.bortezomib;56.daratumumab;",6,8,6
"Emp_33","0.daratumumab;56.bortezomib;",6,8,6
"Emp_34","0.daratumumab;28.bortezomib;56.dexamethasone;",14,14,14
"Emp_34","0.bortezomib;28.daratumumab;56.dexamethasone;",14,14,14
"Emp_34","0.bortezomib;28.dexamethasone;56.daratumumab;",14,14,14
"Emp_34","0.dexamethasone;28.daratumumab;56.bortezomib;",14,14,14
"Emp_34","0.dexamethasone;28.bortezomib;56.daratumumab;",14,14,14
"Emp_35","0.bortezomib;19.dexamethasone;37.daratumumab;56.lenalidomide;",7,5,7
"Emp_35","0.lenalidomide;19.bortezomib;37.daratumumab;56.dexamethasone;",7,5,7
"Emp_35","0.lenalidomide;19.dexamethasone;37.bortezomib;56.daratumumab;",7,5,7
"Emp_35","0.bortezomib;19.dexamethasone;37.lenalidomide;56.daratumumab;",7,5,7
"Emp_36","0.bortezomib;19.dexamethasone;37.daratumumab;56.pomalidomide;",12,2,12
"Emp_36","0.pomalidomide;19.bortezomib;37.dexamethasone;56.daratumumab;",12,2,12
"Emp_37","0.thalidomide;19.dexamethasone;37.bortezomib;56.daratumumab;",14,1,14
"Emp_38","0.daratumumab;14.lenalidomide;28.bortezomib;42.pomalidomide;56.thalidomide;",22,1,22
"Emp_39","0.daratumumab;28.bortezomib;56.melphalan;",36,1,36
"Emp_4","0.dexamethasone;19.bortezomib;37.carfilzomib;56.cyclophosphamide;",22,3,22
"Emp_4","0.cyclophosphamide;19.bortezomib;37.dexamethasone;56.carfilzomib;",22,3,22
"Emp_40","0.daratumumab;28.bortezomib;56.pomalidomide;",24,1,24
"Emp_41","0.bortezomib;56.dexamethasone;",24,69,24
"Emp_41","0.dexamethasone;56.bortezomib;",24,69,24
"Emp_42","0.bortezomib;19.dexamethasone;37.thalidomide;56.ixazomib;",17,1,17
"Emp_43","0.lenalidomide;28.bortezomib;56.dexamethasone;",14,20,14
"Emp_43","0.dexamethasone;28.bortezomib;56.lenalidomide;",14,20,14
"Emp_43","0.bortezomib;28.dexamethasone;56.lenalidomide;",14,20,14
"Emp_43","0.dexamethasone;28.lenalidomide;56.bortezomib;",14,20,14
"Emp_43","0.lenalidomide;28.dexamethasone;56.bortezomib;",14,20,14
"Emp_43","0.bortezomib;28.lenalidomide;56.dexamethasone;",14,20,14
"Emp_44","0.melphalan;19.lenalidomide;37.bortezomib;56.dexamethasone;",13,1,13
"Emp_45","0.melphalan;28.bortezomib;56.dexamethasone;",22,8,22
"Emp_45","0.dexamethasone;28.melphalan;56.bortezomib;",22,8,22
"Emp_45","0.bortezomib;28.dexamethasone;56.melphalan;",22,8,22
"Emp_45","0.dexamethasone;28.bortezomib;56.melphalan;",22,8,22
"Emp_45","0.bortezomib;28.melphalan;56.dexamethasone;",22,8,22
"Emp_46","0.bortezomib;28.dexamethasone;56.pomalidomide;",45,1,45
"Emp_47","0.dexamethasone;28.bortezomib;56.thalidomide;",19,4,19
"Emp_47","0.dexamethasone;28.thalidomide;56.bortezomib;",19,4,19
"Emp_47","0.bortezomib;28.dexamethasone;56.thalidomide;",19,4,19
"Emp_48","0.bortezomib;28.lenalidomide;56.ixazomib;",25,1,25
"Emp_49","0.lenalidomide;56.bortezomib;",50,3,50
"Emp_49","0.bortezomib;56.lenalidomide;",50,3,50
"Emp_5","0.lenalidomide;14.cyclophosphamide;28.dexamethasone;42.bortezomib;56.carfilzomib;",16,2,16
"Emp_5","0.bortezomib;14.lenalidomide;28.cyclophosphamide;42.carfilzomib;56.dexamethasone;",16,2,16
"Emp_50","0.melphalan;28.lenalidomide;56.bortezomib;",27,3,27
"Emp_50","0.bortezomib;28.lenalidomide;56.melphalan;",27,3,27
"Emp_51","0.melphalan;56.bortezomib;",6,4,6
"Emp_51","0.bortezomib;56.melphalan;",6,4,6
"Emp_52","0.bortezomib;56.pomalidomide;",58,1,58
"Emp_53","0.bortezomib;56.thalidomide;",31,6,31
"Emp_53","0.thalidomide;56.bortezomib;",31,6,31
"Emp_54","0.carfilzomib;",NA,79,NA
"Emp_55","0.cyclophosphamide;56.carfilzomib;",2,2,2
"Emp_56","0.cyclophosphamide;28.carfilzomib;56.dexamethasone;",11,4,11
"Emp_56","0.cyclophosphamide;28.dexamethasone;56.carfilzomib;",11,4,11
"Emp_56","0.dexamethasone;28.carfilzomib;56.cyclophosphamide;",11,4,11
"Emp_56","0.carfilzomib;28.cyclophosphamide;56.dexamethasone;",11,4,11
"Emp_57","0.cyclophosphamide;14.thalidomide;28.carfilzomib;42.dexamethasone;56.ixazomib;",20,1,20
"Emp_58","0.cyclophosphamide;19.carfilzomib;37.lenalidomide;56.dexamethasone;",20,2,20
"Emp_58","0.dexamethasone;19.lenalidomide;37.cyclophosphamide;56.carfilzomib;",20,2,20
"Emp_59","0.carfilzomib;14.pomalidomide;28.cyclophosphamide;42.lenalidomide;56.dexamethasone;",18,1,18
"Emp_6","0.cyclophosphamide;19.bortezomib;37.lenalidomide;56.carfilzomib;",14,2,14
"Emp_6","0.bortezomib;19.lenalidomide;37.cyclophosphamide;56.carfilzomib;",14,2,14
"Emp_60","0.thalidomide;14.cyclophosphamide;28.lenalidomide;42.dexamethasone;56.carfilzomib;",22,1,22
"Emp_61","0.thalidomide;14.carfilzomib;28.cyclophosphamide;42.dexamethasone;56.melphalan;",5,2,5
"Emp_61","0.melphalan;14.thalidomide;28.cyclophosphamide;42.carfilzomib;56.dexamethasone;",5,2,5
"Emp_62","0.dexamethasone;19.carfilzomib;37.cyclophosphamide;56.thalidomide;",16,9,16
"Emp_62","0.cyclophosphamide;19.carfilzomib;37.dexamethasone;56.thalidomide;",16,9,16
"Emp_62","0.cyclophosphamide;19.carfilzomib;37.thalidomide;56.dexamethasone;",16,9,16
"Emp_62","0.carfilzomib;19.cyclophosphamide;37.dexamethasone;56.thalidomide;",16,9,16
"Emp_62","0.dexamethasone;19.cyclophosphamide;37.thalidomide;56.carfilzomib;",16,9,16
"Emp_62","0.cyclophosphamide;19.thalidomide;37.dexamethasone;56.carfilzomib;",16,9,16
"Emp_62","0.dexamethasone;19.cyclophosphamide;37.carfilzomib;56.thalidomide;",16,9,16
"Emp_62","0.carfilzomib;19.dexamethasone;37.cyclophosphamide;56.thalidomide;",16,9,16
"Emp_63","0.lenalidomide;28.carfilzomib;56.cyclophosphamide;",16,1,16
"Emp_64","0.carfilzomib;19.cyclophosphamide;37.melphalan;56.lenalidomide;",22,1,22
"Emp_65","0.melphalan;19.cyclophosphamide;37.thalidomide;56.carfilzomib;",16,2,16
"Emp_65","0.thalidomide;19.cyclophosphamide;37.melphalan;56.carfilzomib;",16,2,16
"Emp_66","0.cyclophosphamide;28.thalidomide;56.carfilzomib;",16,1,16
"Emp_67","0.daratumumab;56.carfilzomib;",42,6,42
"Emp_67","0.carfilzomib;56.daratumumab;",42,6,42
"Emp_68","0.dexamethasone;28.carfilzomib;56.daratumumab;",20,1,20
"Emp_69","0.daratumumab;19.dexamethasone;37.thalidomide;56.carfilzomib;",13,1,13
"Emp_7","0.bortezomib;28.dexamethasone;56.carfilzomib;",31,2,31
"Emp_7","0.carfilzomib;28.dexamethasone;56.bortezomib;",31,2,31
"Emp_70","0.carfilzomib;28.daratumumab;56.lenalidomide;",26,1,26
"Emp_71","0.carfilzomib;56.dexamethasone;",33,43,33
"Emp_71","0.dexamethasone;56.carfilzomib;",33,43,33
"Emp_72","0.lenalidomide;28.dexamethasone;56.carfilzomib;",16,16,16
"Emp_72","0.dexamethasone;28.carfilzomib;56.lenalidomide;",16,16,16
"Emp_72","0.dexamethasone;28.lenalidomide;56.carfilzomib;",16,16,16
"Emp_72","0.lenalidomide;28.carfilzomib;56.dexamethasone;",16,16,16
"Emp_72","0.carfilzomib;28.dexamethasone;56.lenalidomide;",16,16,16
"Emp_72","0.carfilzomib;28.lenalidomide;56.dexamethasone;",16,16,16
"Emp_73","0.lenalidomide;19.carfilzomib;37.dexamethasone;56.pomalidomide;",30,1,30
"Emp_74","0.dexamethasone;28.carfilzomib;56.melphalan;",32,1,32
"Emp_75","0.thalidomide;19.melphalan;37.carfilzomib;56.dexamethasone;",20,1,20
"Emp_76","0.dexamethasone;28.carfilzomib;56.pomalidomide;",34,1,34
"Emp_77","0.thalidomide;28.dexamethasone;56.carfilzomib;",19,4,19
"Emp_77","0.thalidomide;28.carfilzomib;56.dexamethasone;",19,4,19
"Emp_77","0.carfilzomib;28.dexamethasone;56.thalidomide;",19,4,19
"Emp_78","0.carfilzomib;56.ixazomib;",49,4,49
"Emp_78","0.ixazomib;56.carfilzomib;",49,4,49
"Emp_79","0.ixazomib;28.lenalidomide;56.carfilzomib;",30,1,30
"Emp_8","0.lenalidomide;14.dexamethasone;28.bortezomib;42.melphalan;56.carfilzomib;",20,1,20
"Emp_80","0.lenalidomide;56.carfilzomib;",30,9,30
"Emp_80","0.carfilzomib;56.lenalidomide;",30,9,30
"Emp_81","0.lenalidomide;19.melphalan;37.thalidomide;56.carfilzomib;",24,1,24
"Emp_82","0.lenalidomide;28.carfilzomib;56.pomalidomide;",35,1,35
"Emp_83","0.lenalidomide;28.carfilzomib;56.thalidomide;",43,2,43
"Emp_83","0.lenalidomide;28.thalidomide;56.carfilzomib;",43,2,43
"Emp_84","0.carfilzomib;56.melphalan;",31,3,31
"Emp_85","0.carfilzomib;28.melphalan;56.thalidomide;",34,1,34
"Emp_86","0.pomalidomide;56.carfilzomib;",26,2,26
"Emp_86","0.carfilzomib;56.pomalidomide;",26,2,26
"Emp_87","0.carfilzomib;56.thalidomide;",42,4,42
"Emp_87","0.thalidomide;56.carfilzomib;",42,4,42
"Emp_88","0.cyclophosphamide;",42,87,42
"Emp_89","0.daratumumab;56.cyclophosphamide;",64,1,64
"Emp_9","0.carfilzomib;19.dexamethasone;37.bortezomib;56.thalidomide;",20,2,20
"Emp_9","0.dexamethasone;19.carfilzomib;37.thalidomide;56.bortezomib;",20,2,20
"Emp_90","0.cyclophosphamide;28.dexamethasone;56.daratumumab;",26,3,26
"Emp_90","0.daratumumab;28.dexamethasone;56.cyclophosphamide;",26,3,26
"Emp_91","0.cyclophosphamide;56.dexamethasone;",22,70,22
"Emp_91","0.dexamethasone;56.cyclophosphamide;",22,70,22
"Emp_92","0.thalidomide;14.dexamethasone;28.cyclophosphamide;42.pomalidomide;56.ixazomib;",18,1,18
"Emp_93","0.cyclophosphamide;28.lenalidomide;56.dexamethasone;",22,2,22
"Emp_93","0.cyclophosphamide;28.dexamethasone;56.lenalidomide;",22,2,22
"Emp_94","0.thalidomide;19.cyclophosphamide;37.dexamethasone;56.lenalidomide;",18,1,18
"Emp_95","0.melphalan;28.cyclophosphamide;56.dexamethasone;",24,14,24
"Emp_95","0.cyclophosphamide;28.melphalan;56.dexamethasone;",24,14,24
"Emp_95","0.dexamethasone;28.melphalan;56.cyclophosphamide;",24,14,24
"Emp_95","0.melphalan;28.dexamethasone;56.cyclophosphamide;",24,14,24
"Emp_96","0.cyclophosphamide;19.thalidomide;37.melphalan;56.dexamethasone;",4,1,4
"Emp_97","0.cyclophosphamide;28.dexamethasone;56.pomalidomide;",25,1,25
"Emp_98","0.cyclophosphamide;28.thalidomide;56.dexamethasone;",23,7,23
"Emp_98","0.dexamethasone;28.thalidomide;56.cyclophosphamide;",23,7,23
"Emp_98","0.thalidomide;28.cyclophosphamide;56.dexamethasone;",23,7,23
"Emp_99","0.ixazomib;19.pomalidomide;37.cyclophosphamide;56.thalidomide;",21,1,21
"Emp_1","0.bortezomib;1.bortezomib;",46,57,46
"Emp_1","0.bortezomib;1.bortezomib;2.bortezomib;",46,57,46
"Emp_107","0.daratumumab;1.daratumumab;",26,41,26
"Emp_107","0.daratumumab;1.daratumumab;2.daratumumab;",26,41,26
"Emp_119","0.dexamethasone;1.dexamethasone;",34,449,34
"Emp_119","0.dexamethasone;1.dexamethasone;2.dexamethasone;",34,449,34
"Emp_135","0.ixazomib;1.ixazomib;",NA,39,NA
"Emp_135","0.ixazomib;1.ixazomib;2.ixazomib;",NA,39,NA
"Emp_139","0.lenalidomide;1.lenalidomide;",16,237,16
"Emp_139","0.lenalidomide;1.lenalidomide;2.lenalidomide;",16,237,16
"Emp_144","0.melphalan;1.melphalan;",27,67,27
"Emp_144","0.melphalan;1.melphalan;2.melphalan;",27,67,27
"Emp_147","0.pomalidomide;1.pomalidomide;",NA,36,NA
"Emp_147","0.pomalidomide;1.pomalidomide;2.pomalidomide;",NA,36,NA
"Emp_148","0.selinexor;1.selinexor;",NA,4,NA
"Emp_148","0.selinexor;1.selinexor;2.selinexor;",NA,4,NA
"Emp_149","0.thalidomide;1.thalidomide;",46,45,46
"Emp_149","0.thalidomide;1.thalidomide;2.thalidomide;",46,45,46
"Emp_150","0.venetoclax;1.venetoclax;",15,22,15
"Emp_150","0.venetoclax;1.venetoclax;2.venetoclax;",15,22,15
"Emp_54","0.carfilzomib;1.carfilzomib;",NA,79,NA
"Emp_54","0.carfilzomib;1.carfilzomib;2.carfilzomib;",NA,79,NA
"Emp_88","0.cyclophosphamide;1.cyclophosphamide;",42,87,42
"Emp_88","0.cyclophosphamide;1.cyclophosphamide;2.cyclophosphamide;",42,87,42
